Player,Season,Team,Offensive Archetype,Minutes,Pos,Age,SPI,O-SPI,D-SPI,WAR,Value Added
Nikola Jokic,2022-23,DEN,Post Scorer,2323,C,28,7.31,5.55,1.76,13.8,45639291
Giannis Antetokounmpo,2022-23,MIL,Shot Creator,2024,PF,28,5.87,4.73,1.14,10.4,34904325
Joel Embiid,2022-23,PHI,Shot Creator,2284,C,29,5.86,3.78,2.08,11.7,39133842
Jimmy Butler,2022-23,MIA,Shot Creator,2138,SF,33,5.01,4.27,0.74,9.9,33412331
Anthony Davis,2022-23,LAL,Shot Creator,1905,C,30,4.9,2.21,2.69,8.7,29559660
Jaren Jackson Jr.,2022-23,MEM,Versatile Big,1787,C,23,4.52,1.11,3.41,7.8,26572002
Jayson Tatum,2022-23,BOS,Shot Creator,2732,PF,25,4.42,4.29,0.13,11.7,39213864
Donovan Mitchell,2022-23,CLE,Primary Ball Handler,2432,SG,26,4.31,3.58,0.73,10.3,34566180
Luka Doncic,2022-23,DAL,Shot Creator,2391,PG,24,4.22,5.03,-0.81,10.0,33616296
LeBron James,2022-23,LAL,Shot Creator,1954,PF,38,4.11,3.86,0.25,8.0,27349265
Kawhi Leonard,2022-23,LAC,Shot Creator,1748,SF,31,4.05,3.01,1.04,7.1,24455546
Nic Claxton,2022-23,BRK,Roll + Cut Big,2271,C,23,3.85,0.64,3.21,9.0,30383900
Ja Morant,2022-23,MEM,Slasher,1948,PG,23,3.81,3.73,0.09,7.7,26188352
Shai Gilgeous-Alexander,2022-23,OKC,Shot Creator,2416,PG,24,3.79,3.58,0.21,9.5,31923862
Damian Lillard,2022-23,POR,Shot Creator,2107,PG,32,3.73,5.99,-2.26,8.2,27841251
James Harden,2022-23,PHI,Shot Creator,2135,PG,33,3.59,3.45,0.14,8.1,27608553
Stephen Curry,2022-23,GSW,Primary Ball Handler,1941,PG,35,3.59,4.06,-0.47,7.4,25257985
Jrue Holiday,2022-23,MIL,Primary Ball Handler,2183,PG,32,3.47,1.88,1.58,8.1,27668830
Kevin Durant,2022-23,PHO,Shot Creator,1672,SF,34,3.38,2.65,0.73,6.1,21302728
Fred VanVleet,2022-23,TOR,Primary Ball Handler,2535,PG,29,3.25,2.98,0.26,9.1,30751500
Tyrese Haliburton,2022-23,IND,Primary Ball Handler,1883,PG,23,3.22,3.49,-0.26,6.7,23205563
Paul George,2022-23,LAC,Shot Creator,1939,SG,32,3.15,2.14,1.02,6.8,23565909
Domantas Sabonis,2022-23,SAC,Roll + Cut Big,2736,C,26,3.14,2.34,0.8,9.6,32498087
Darius Garland,2022-23,CLE,Primary Ball Handler,2447,PG,23,3.12,2.91,0.21,8.6,29140862
Walker Kessler,2022-23,UTA,Roll + Cut Big,1703,C,21,3.1,0.03,3.07,6.0,20736513
Devin Booker,2022-23,PHO,Shot Creator,1835,SG,26,3.1,3.7,-0.6,6.4,22200404
Kristaps Porzingis,2022-23,WAS,Versatile Big,2120,C,27,3.05,1.85,1.2,7.4,25189843
Clint Capela,2022-23,ATL,Roll + Cut Big,1730,C,28,3.0,1.27,1.73,5.9,20688984
Brook Lopez,2022-23,MIL,Stretch Big,2373,C,35,2.81,-0.46,3.26,7.9,26834754
Chris Paul,2022-23,PHO,Primary Ball Handler,1889,PG,37,2.61,1.49,1.12,6.0,20989352
Kyrie Irving,2022-23,DAL,Shot Creator,2240,PG,31,2.52,3.17,-0.65,7.0,24174056
Lauri Markkanen,2022-23,UTA,Stretch Big,2273,SF,25,2.51,2.7,-0.19,7.1,24455268
Evan Mobley,2022-23,CLE,Roll + Cut Big,2715,PF,21,2.51,-0.58,3.08,8.5,28855690
Aaron Gordon,2022-23,DEN,Shot Creator,2055,PF,27,2.47,1.76,0.71,6.4,22092574
Pascal Siakam,2022-23,TOR,Shot Creator,2652,C,29,2.43,2.08,0.35,8.2,27807870
Zion Williamson,2022-23,NOP,Shot Creator,956,PF,22,2.42,2.13,0.29,2.9,11110014
Derrick White,2022-23,BOS,Stationary Shooter,2319,SG,28,2.41,0.82,1.58,7.1,24429963
DeMar DeRozan,2022-23,CHI,Shot Creator,2682,SF,33,2.4,1.81,0.59,8.2,27967223
Julius Randle,2022-23,NYK,Shot Creator,2737,PF,28,2.33,3.21,-0.89,8.3,28078922
Jarrett Allen,2022-23,CLE,Roll + Cut Big,2220,C,24,2.2,0.04,2.17,6.5,22556735
Draymond Green,2022-23,GSW,Roll + Cut Big,2297,PF,33,2.17,-0.89,3.07,6.7,23151442
Immanuel Quickley,2022-23,NYK,Primary Ball Handler,2344,PG,23,2.11,1.9,0.21,6.8,23295632
Myles Turner,2022-23,IND,Stretch Big,1825,C,27,2.09,0.12,1.98,5.2,18443703
Trae Young,2022-23,ATL,Primary Ball Handler,2541,PG,24,2.09,3.99,-1.9,7.3,24977451
De'Aaron Fox,2022-23,SAC,Slasher,2435,PG,25,2.08,2.96,-0.88,7.0,23985049
Alex Caruso,2022-23,CHI,Stationary Shooter,1575,PG,29,2.08,-0.89,2.97,4.5,16105024
Steven Adams,2022-23,MEM,Roll + Cut Big,1133,C,29,2.01,0.14,1.87,3.2,11923547
Desmond Bane,2022-23,MEM,Secondary Ball Handler,1842,SG,24,1.97,1.76,0.22,5.1,18156334
Jalen Brunson,2022-23,NYK,Shot Creator,2379,PG,26,1.89,3.12,-1.23,6.5,22546597
Robert Williams III,2022-23,,Roll + Cut Big,824,C,25,1.85,-0.21,2.06,2.2,8865094
Kevon Looney,2022-23,GSW,Roll + Cut Big,1958,C,27,1.68,0.33,1.35,5.1,18032213
Nikola Vucevic,2022-23,CHI,Versatile Big,2746,C,32,1.67,0.61,1.07,7.2,24571447
Josh Hart,2022-23,POR,Stationary Shooter,2454,SG,28,1.67,0.09,1.57,6.4,22112318
Jakob Poeltl,2022-23,SAS,Roll + Cut Big,1906,C,27,1.59,-0.53,2.12,4.9,17264407
Bam Adebayo,2022-23,MIA,Shot Creator,2598,C,25,1.54,0.07,1.46,6.5,22621608
Chris Boucher,2022-23,TOR,Stretch Big,1523,PF,30,1.53,0.94,0.59,3.8,13950898
Andre Drummond,2022-23,CHI,Roll + Cut Big,849,C,29,1.52,-0.58,2.1,2.1,8523126
Spencer Dinwiddie,2022-23,DAL,Shot Creator,2725,PG,30,1.49,1.76,-0.28,6.8,23374714
Cameron Johnson,2022-23,BRK,Stationary Shooter,1200,PF,27,1.46,0.95,0.51,3.0,11178023
Alperen Sengun,2022-23,HOU,Post Scorer,2171,C,20,1.43,0.8,0.64,5.3,18737965
Bradley Beal,2022-23,WAS,Shot Creator,1673,SG,29,1.43,2.03,-0.6,4.1,14812889
Khris Middleton,2022-23,MIL,Shot Creator,801,SF,31,1.4,1.41,-0.01,2.0,7947405
Isaiah Hartenstein,2022-23,NYK,Roll + Cut Big,1628,C,24,1.39,-0.57,1.96,4.0,14346333
LaMelo Ball,2022-23,CHO,Primary Ball Handler,1268,PG,21,1.37,2.19,-0.82,3.1,11486691
Scottie Barnes,2022-23,TOR,Shot Creator,2678,PF,21,1.33,0.26,1.07,6.4,22142914
Karl-Anthony Towns,2022-23,MIN,Stretch Big,957,PF,27,1.31,0.66,0.65,2.3,8984966
Delon Wright,2022-23,WAS,Secondary Ball Handler,1221,PG,30,1.3,0.43,0.87,2.9,10970237
Kyle Anderson,2022-23,MIN,Slasher,1957,PF,29,1.29,-0.32,1.61,4.6,16493827
Wendell Carter Jr.,2022-23,ORL,Stretch Big,1690,C,23,1.26,-0.03,1.3,4.0,14375702
Larry Nance Jr.,2022-23,NOP,Roll + Cut Big,1381,PF,30,1.25,-0.74,2.0,3.2,12040458
Goga Bitadze,2022-23,IND,Roll + Cut Big,457,C,23,1.25,-0.18,1.43,1.1,5128194
Kevin Huerter,2022-23,SAC,Movement Shooter,2203,SG,24,1.24,1.88,-0.64,5.1,18098098
Mitchell Robinson,2022-23,NYK,Roll + Cut Big,1589,C,25,1.2,-0.79,2.0,3.7,13428706
Franz Wagner,2022-23,ORL,Secondary Ball Handler,2609,SF,21,1.15,0.72,0.42,5.9,20652448
Monte Morris,2022-23,WAS,Primary Ball Handler,1696,PG,27,1.1,1.27,-0.17,3.8,13867949
Bruno Fernando,2022-23,ATL,Roll + Cut Big,405,C,24,1.08,-1.12,2.2,0.9,4604217
Moses Brown,2022-23,BRK,Roll + Cut Big,294,C,23,1.08,0.48,0.6,0.7,3812068
Rudy Gobert,2022-23,MIN,Roll + Cut Big,2149,C,30,1.01,-0.89,1.9,4.7,16697113
John Konchar,2022-23,MEM,Stationary Shooter,1494,SG,27,1.0,-0.52,1.51,3.3,12101937
Anthony Edwards,2022-23,MIN,Shot Creator,2842,SG,21,0.98,0.84,0.14,6.2,21381183
Paul Reed,2022-23,PHI,Roll + Cut Big,755,C,23,0.93,-0.79,1.72,1.6,6869335
Kyle Lowry,2022-23,MIA,Movement Shooter,1718,PG,37,0.91,0.08,0.83,3.6,13340821
Marcus Smart,2022-23,BOS,Stationary Shooter,1957,PG,29,0.9,-0.01,0.91,4.1,14952839
Jalen Johnson,2022-23,ATL,Stretch Big,1042,SF,21,0.86,-0.27,1.12,2.2,8659267
Zach LaVine,2022-23,CHI,Primary Ball Handler,2768,SG,28,0.82,1.37,-0.56,5.7,19947068
Jaylen Brown,2022-23,BOS,Secondary Ball Handler,2405,SF,26,0.81,0.91,-0.1,4.9,17505069
Tobias Harris,2022-23,PHI,Stationary Shooter,2436,PF,30,0.8,-0.07,0.87,5.0,17654844
O.G. Anunoby,2022-23,,Stationary Shooter,2386,SF,25,0.78,-0.51,1.28,4.9,17230471
Tyler Herro,2022-23,MIA,Primary Ball Handler,2336,SG,23,0.77,0.8,-0.03,4.8,16898258
Jamal Murray,2022-23,DEN,Primary Ball Handler,2133,PG,26,0.77,2.03,-1.26,4.3,15564543
Jock Landale,2022-23,PHO,Post Scorer,979,C,27,0.74,0.1,0.64,2.0,8006762
Kevin Love,2022-23,CLE,Stretch Big,1240,PF,34,0.73,0.37,0.36,2.5,9663359
Harrison Barnes,2022-23,SAC,Stationary Shooter,2662,PF,30,0.71,1.18,-0.47,5.3,18671345
Jusuf Nurkic,2022-23,POR,Post Scorer,1391,C,28,0.68,-1.2,1.88,2.7,10484634
Kris Dunn,2022-23,UTA,Slasher,568,PG,29,0.65,0.67,-0.02,1.1,5260464
Tari Eason,2022-23,HOU,Athletic Finisher,1767,PF,21,0.6,-0.26,0.86,3.4,12581981
Chimezie Metu,2022-23,SAC,Roll + Cut Big,689,C,26,0.59,-0.38,0.97,1.3,5933065
Boban Marjanovic,2022-23,HOU,Post Scorer,171,C,34,0.58,0.22,0.37,0.3,2764237
Mike Conley,2022-23,UTA,Primary Ball Handler,2028,PG,35,0.57,1.08,-0.51,3.9,14066853
Cedi Osman,2022-23,CLE,Stationary Shooter,1548,SF,28,0.57,0.71,-0.15,2.9,11129441
Christian Wood,2022-23,DAL,Shot Creator,1738,C,27,0.54,0.83,-0.29,3.3,12197999
Jordan Goodwin,2022-23,WAS,Secondary Ball Handler,1105,PG,24,0.54,-0.18,0.72,2.1,8380918
Brandon Ingram,2022-23,NOP,Shot Creator,1538,SF,25,0.53,1.19,-0.66,2.9,10958522
Herbert Jones,2022-23,NOP,Athletic Finisher,1951,SF,24,0.53,-0.75,1.28,3.7,13427881
Ivica Zubac,2022-23,LAC,Post Scorer,2170,C,26,0.52,-1.56,2.07,4.1,14679657
Charles Bassey,2022-23,SAS,Roll + Cut Big,508,C,22,0.52,-1.06,1.57,1.0,4752757
Josh Okogie,2022-23,PHO,Stationary Shooter,1351,SG,24,0.5,-0.12,0.63,2.5,9754729
Klay Thompson,2022-23,GSW,Off Screen Shooter,2279,SG,33,0.5,1.39,-0.88,4.2,15268600
Malcolm Brogdon,2022-23,BOS,Primary Ball Handler,1744,PG,30,0.48,0.61,-0.12,3.2,12019814
Mike Muscala,2022-23,BOS,Stretch Big,945,C,31,0.45,0.03,0.42,1.7,7232010
Moritz Wagner,2022-23,ORL,Stretch Big,1109,C,25,0.45,0.22,0.22,2.0,8186939
Darius Days,2022-23,HOU,Low Minute,25,PF,23,0.43,0.1,0.33,0.0,1864054
Alec Burks,2022-23,DET,Secondary Ball Handler,1122,SG,31,0.43,1.3,-0.88,2.0,8219613
Jose Alvarado,2022-23,NOP,Movement Shooter,1310,PG,24,0.41,0.07,0.35,2.4,9274320
Orlando Robinson,2022-23,MIA,Roll + Cut Big,425,C,22,0.4,-1.18,1.58,0.8,4157726
Kelly Olynyk,2022-23,UTA,Movement Shooter,1942,C,31,0.39,-0.03,0.42,3.5,12836272
Willy Hernangomez,2022-23,NOP,Roll + Cut Big,458,C,28,0.39,0.08,0.31,0.8,4331276
Andrew Wiggins,2022-23,GSW,Athletic Finisher,1190,SF,28,0.37,-0.37,0.74,2.1,8471269
Mikal Bridges,2022-23,PHO,Secondary Ball Handler,2963,SF,26,0.34,0.3,0.04,5.2,18382166
Austin Reaves,2022-23,LAL,Secondary Ball Handler,1843,SG,24,0.34,1.05,-0.71,3.2,12056635
Trevor Hudgins,2022-23,HOU,Low Minute,28,PG,24,0.33,0.02,0.32,0.0,1877745
Dwight Powell,2022-23,DAL,Roll + Cut Big,1458,C,31,0.31,-0.46,0.78,2.5,9824027
Al Horford,2022-23,BOS,Stationary Shooter,1921,C,36,0.31,-0.66,0.97,3.3,12375338
Buddy Hield,2022-23,IND,Movement Shooter,2482,SF,30,0.3,0.89,-0.59,4.3,15442000
Luguentz Dort,2022-23,OKC,Stationary Shooter,2272,SG,23,0.29,0.13,0.16,3.9,14245430
Santi Aldama,2022-23,MEM,Athletic Finisher,1682,PF,22,0.29,-0.62,0.91,2.9,10986388
Shaquille Harrison,2022-23,POR,Secondary Ball Handler,120,SG,29,0.29,0.11,0.18,0.2,2379665
Cade Cunningham,2022-23,DET,Slasher,400,PG,21,0.28,0.51,-0.23,0.7,3917612
Jonathan Isaac,2022-23,ORL,Roll + Cut Big,124,PF,25,0.28,-0.44,0.72,0.2,2399553
Nicolas Batum,2022-23,LAC,Stationary Shooter,1709,PF,34,0.27,-0.86,1.13,2.9,11061368
Cole Anthony,2022-23,ORL,Primary Ball Handler,1552,PG,22,0.24,1.01,-0.76,2.6,10130871
Kentavious Caldwell-Pope,2022-23,DEN,Stationary Shooter,2381,SG,30,0.24,-0.6,0.84,4.0,14609648
Ben Simmons,2022-23,BRK,Roll + Cut Big,1105,PG,26,0.22,-1.48,1.7,1.9,7642901
Hamidou Diallo,2022-23,DET,Athletic Finisher,996,SG,24,0.2,-0.84,1.04,1.7,7022981
Mason Plumlee,2022-23,CHO,Roll + Cut Big,2053,C,33,0.19,-0.25,0.44,3.4,12637705
Bismack Biyombo,2022-23,PHO,Post Scorer,874,C,30,0.19,-2.69,2.88,1.5,6363243
Xavier Tillman,2022-23,,Roll + Cut Big,1180,PF,24,0.19,-1.0,1.18,2.0,7979389
Lindy Waters III,2022-23,OKC,Movement Shooter,531,SG,25,0.17,0.04,0.13,0.9,4516877
D'Angelo Russell,2022-23,MIN,Primary Ball Handler,2304,PG,27,0.16,0.65,-0.49,3.8,13798873
Wenyen Gabriel,2022-23,LAL,Roll + Cut Big,1024,PF,26,0.15,-0.83,0.99,1.7,7080509
Jonas Valanciunas,2022-23,NOP,Post Scorer,1968,C,30,0.15,-0.32,0.47,3.2,11992368
Tyus Jones,2022-23,MEM,Primary Ball Handler,1940,PG,26,0.13,0.98,-0.85,3.2,11781210
Tre Jones,2022-23,SAS,Slasher,1984,PG,23,0.12,0.72,-0.6,3.2,11982815
CJ McCollum,2022-23,NOP,Primary Ball Handler,2649,SG,31,0.12,1.69,-1.57,4.3,15418768
Javonte Green,2022-23,CHI,Stretch Big,480,SG,29,0.12,-1.48,1.6,0.8,4200786
Bobby Portis,2022-23,MIL,Versatile Big,1819,PF,28,0.11,-0.08,0.18,2.9,11063429
Coby White,2022-23,CHI,Stationary Shooter,1730,SG,23,0.1,0.83,-0.73,2.8,10586035
Talen Horton-Tucker,2022-23,UTA,Primary Ball Handler,1313,SG,22,0.08,0.35,-0.26,2.1,8405407
T.J. McConnell,2022-23,IND,Slasher,1526,PG,31,0.08,0.1,-0.02,2.4,9484260
Daniel Gafford,2022-23,WAS,Roll + Cut Big,1604,C,24,0.08,-0.72,0.79,2.6,9864936
Dejounte Murray,2022-23,ATL,Shot Creator,2693,SG,26,0.05,0.64,-0.58,4.2,15277119
Robert Covington,2022-23,LAC,Athletic Finisher,779,PF,32,0.05,-0.8,0.85,1.2,5630547
Skylar Mays,2022-23,POR,Secondary Ball Handler,189,SG,25,0.02,0.32,-0.3,0.3,2654185
Luka Garza,2022-23,MIN,Stretch Big,243,C,24,0.0,1.4,-1.4,0.4,2915596
Tyrese Maxey,2022-23,PHI,Primary Ball Handler,2016,SG,22,-0.01,1.36,-1.37,3.1,11585429
Cody Zeller,2022-23,MIA,Roll + Cut Big,217,C,30,-1.0,-0.98,-0.02,0.2,2345572
Jordan McLaughlin,2022-23,MIN,Secondary Ball Handler,678,PG,27,-0.02,-0.28,0.25,1.0,5024605
Onyeka Okongwu,2022-23,ATL,Roll + Cut Big,1849,C,22,-0.04,-1.2,1.16,2.8,10682094
TyTy Washington Jr.,2022-23,HOU,Secondary Ball Handler,433,PG,21,-0.05,-0.51,0.46,0.7,3805846
Stanley Umude,2022-23,DET,Low Minute,2,SG,24,-0.05,-0.04,-0.01,0.0,1729201
Jay Huff,2022-23,WAS,Low Minute,95,C,25,-0.06,-0.14,0.08,0.1,2175260
Dillon Brooks,2022-23,MEM,Secondary Ball Handler,2214,SF,27,-0.06,-0.96,0.9,3.3,12359429
Terence Davis,2022-23,SAC,Movement Shooter,841,SG,25,-0.06,-0.3,0.24,1.3,5753979
Terry Rozier,2022-23,CHO,Primary Ball Handler,2221,SG,29,-0.06,1.51,-1.58,3.3,12358955
Alize Johnson,2022-23,SAS,Low Minute,30,PF,26,-0.09,-0.37,0.28,0.0,1859120
Russell Westbrook,2022-23,LAL,Shot Creator,2126,PG,34,-0.09,0.75,-0.84,3.2,11806200
Mo Bamba,2022-23,LAL,Stretch Big,768,C,24,-0.09,-0.5,0.41,1.1,5362215
Brandon Clarke,2022-23,MEM,Roll + Cut Big,1090,PF,26,-0.09,-0.92,0.83,1.6,6878045
Mark Williams,2022-23,CHO,Roll + Cut Big,828,C,21,-0.1,-1.35,1.25,1.2,5631534
Jalen Smith,2022-23,IND,Stretch Big,1279,PF,23,-0.1,-0.12,0.02,1.9,7744145
Christian Koloko,2022-23,TOR,Roll + Cut Big,802,C,22,-0.11,-2.19,2.07,1.2,5481591
Luka Samanic,2022-23,UTA,Stationary Shooter,161,PF,23,-0.11,-0.31,0.2,0.2,2473215
Obi Toppin,2022-23,NYK,Stationary Shooter,1050,PF,25,-0.13,0.01,-0.15,1.5,6608315
Trey Lyles,2022-23,SAC,Movement Shooter,1247,PF,27,-0.14,-0.12,-0.01,1.8,7511981
Tyler Dorsey,2022-23,DAL,Low Minute,8,SG,27,-0.15,0.13,-0.28,0.0,1757142
Kemba Walker,2022-23,DAL,Secondary Ball Handler,144,PG,32,-0.16,0.58,-0.74,0.2,2379611
Facundo Campazzo,2022-23,DAL,Low Minute,52,PG,32,-0.17,-0.14,-0.03,0.1,1958004
Lester Quinones,2022-23,GSW,Low Minute,18,SG,22,-0.17,-0.09,-0.08,0.0,1801864
Gary Payton II,2022-23,GSW,Stretch Big,368,PG,30,-0.18,-0.3,0.13,0.5,3396139
Dalen Terry,2022-23,CHI,Stationary Shooter,214,SG,20,-0.18,-0.4,0.22,0.3,2693382
Michael Porter Jr.,2022-23,DEN,Movement Shooter,1798,SF,24,-0.18,1.05,-1.23,2.6,9908296
Bojan Bogdanovic,2022-23,DET,Off Screen Shooter,1893,PF,33,-0.18,1.17,-1.35,2.7,10340338
Quentin Grimes,2022-23,NYK,Movement Shooter,2121,SG,22,-0.19,-0.28,0.09,3.0,11341570
Jarrell Brantley,2022-23,UTA,Low Minute,39,PF,26,-0.21,-0.08,-0.12,0.1,1894428
Dorian Finney-Smith,2022-23,BRK,Stationary Shooter,2009,PF,29,-0.21,-0.73,0.52,2.8,10749760
Matisse Thybulle,2022-23,PHI,Athletic Finisher,1200,SG,26,-0.21,-2.25,2.04,1.7,7109804
Jae Crowder,2022-23,MIL,Movement Shooter,340,SF,32,-0.22,-0.56,0.34,0.5,3237125
Jalen McDaniels,2022-23,PHI,Stationary Shooter,1913,SF,25,-0.22,-0.57,0.34,2.7,10258374
Tim Hardaway Jr.,2022-23,DAL,Stationary Shooter,2152,SG,31,-0.23,0.43,-0.65,3.0,11326232
Braxton Key,2022-23,DET,Low Minute,9,SF,26,-0.23,-0.14,-0.09,0.0,1759563
Dennis Smith Jr.,2022-23,CHO,Slasher,1390,PG,25,-0.23,-1.87,1.64,1.9,7907772
Chris Silva,2022-23,DAL,Low Minute,3,PF,26,-0.24,0.1,-0.34,0.0,1732368
Xavier Moon,2022-23,LAC,Low Minute,20,SG,28,-0.25,-0.13,-0.11,0.0,1805464
Jaylen Nowell,2022-23,MIN,Secondary Ball Handler,1252,SG,23,-0.27,0.92,-1.19,1.7,7195419
Jay Scrubb,2022-23,ORL,Low Minute,30,SG,22,-0.29,-0.32,0.03,0.0,1849397
Isaiah Joe,2022-23,OKC,Movement Shooter,1395,SG,23,-0.29,0.48,-0.77,1.9,7754516
Drew Eubanks,2022-23,POR,Roll + Cut Big,1584,C,26,-0.29,-1.2,0.9,2.1,8565305
Frank Jackson,2022-23,UTA,Low Minute,5,PG,24,-0.29,-0.03,-0.26,0.0,1740824
Michael Carter-Williams,2022-23,ORL,Low Minute,44,PG,31,-0.3,-0.21,-0.09,0.1,1910725
Kyle Kuzma,2022-23,WAS,Secondary Ball Handler,2239,PF,27,-0.32,-0.47,0.15,3.0,11270227
Omer Yurtseven,2022-23,MIA,Low Minute,83,C,24,-0.33,-0.48,0.15,0.1,2073163
Deonte Burton,2022-23,SAC,Low Minute,6,SG,29,-0.33,-0.19,-0.14,0.0,1746555
Derrick Jones Jr.,2022-23,CHI,Stretch Big,893,SF,26,-0.34,-0.5,0.17,1.2,5506692
Cole Swider,2022-23,LAL,Low Minute,41,SF,23,-0.34,-0.24,-0.09,0.1,1893170
Trevelin Queen,2022-23,IND,Low Minute,70,SG,26,-0.35,-0.24,-0.11,0.1,2013929
Alex Len,2022-23,SAC,Roll + Cut Big,161,C,29,-0.35,-1.31,0.96,0.2,2397543
Jordan Schakel,2022-23,WAS,Low Minute,6,SF,24,-0.35,-0.12,-0.23,0.0,1745213
Blake Griffin,2022-23,BOS,Stretch Big,569,C,34,-0.38,-1.1,0.72,0.7,4075752
Carlik Jones,2022-23,CHI,Low Minute,56,PG,25,-0.39,-0.14,-0.25,0.1,1950293
Sterling Brown,2022-23,LAL,Low Minute,24,SG,28,-0.39,-0.32,-0.07,0.0,1819506
Jason Preston,2022-23,LAC,Secondary Ball Handler,124,PG,23,-0.39,-0.1,-0.29,0.2,2228839
Cameron Payne,2022-23,PHO,Primary Ball Handler,968,PG,28,-0.41,0.29,-0.7,1.2,5681459
Jaden McDaniels,2022-23,MIN,Stationary Shooter,2416,SF,22,-0.41,-1.63,1.22,3.1,11600959
Marko Simonovic,2022-23,CHI,Low Minute,20,C,23,-0.41,-0.12,-0.29,0.0,1799056
Josh Minott,2022-23,MIN,Low Minute,96,SF,20,-0.42,-0.25,-0.16,0.1,2110955
Donovan Williams,2022-23,ATL,Low Minute,4,SG,21,-0.42,-0.15,-0.27,0.0,1736288
Jalen Suggs,2022-23,ORL,Secondary Ball Handler,1246,PG,21,-0.42,-0.87,0.45,1.6,6777587
John Collins,2022-23,ATL,Versatile Big,2130,PF,25,-0.42,-0.74,0.31,2.7,10363167
Bogdan Bogdanovic,2022-23,ATL,Secondary Ball Handler,1509,SG,30,-0.43,1.37,-1.8,1.9,7834721
Greg Brown III,2022-23,POR,Low Minute,93,PF,21,-0.43,-0.81,0.38,0.1,2095533
Chima Moneke,2022-23,SAC,Low Minute,8,SF,27,-0.44,-0.22,-0.22,0.0,1750901
Jordan Hall,2022-23,SAS,Low Minute,83,SF,21,-0.44,-0.64,0.2,0.1,2050996
Devon Dotson,2022-23,WAS,Low Minute,53,PG,23,-0.45,-0.41,-0.04,0.1,1932226
Grayson Allen,2022-23,MIL,Movement Shooter,1972,SG,27,-0.45,-1.32,0.87,2.5,9609941
Jerami Grant,2022-23,POR,Shot Creator,2246,PF,29,-0.45,-0.18,-0.28,2.8,10697636
Malcolm Hill,2022-23,CHI,Low Minute,9,SF,27,-0.46,-0.11,-0.36,0.0,1755299
Scotty Pippen Jr.,2022-23,LAL,Low Minute,32,PG,22,-0.46,-0.37,-0.09,0.0,1844455
Tony Bradley,2022-23,CHI,Low Minute,33,C,25,-0.47,-0.21,-0.26,0.0,1851018
Thomas Bryant,2022-23,DEN,Roll + Cut Big,1081,C,25,-0.47,-0.09,-0.38,1.3,5998521
Vernon Carey Jr.,2022-23,WAS,Low Minute,28,C,22,-0.48,-0.41,-0.06,0.0,1831598
Dalano Banton,2022-23,TOR,Secondary Ball Handler,279,PG,23,-0.48,-0.21,-0.27,0.3,2817754
Victor Oladipo,2022-23,MIA,Secondary Ball Handler,1106,SG,30,-0.48,-1.02,0.54,1.4,6073591
Dewayne Dedmon,2022-23,PHI,Roll + Cut Big,426,C,33,-0.49,-1.24,0.76,0.5,3392848
Jalen Williams,2022-23,OKC,Slasher,2276,SG,21,-0.49,-0.9,0.41,2.8,10632424
Deni Avdija,2022-23,WAS,Stationary Shooter,2020,SF,22,-0.51,-1.55,1.04,2.5,9566164
Donte DiVincenzo,2022-23,GSW,Movement Shooter,1894,SG,26,-0.52,-1.05,0.54,2.3,9047229
Kobi Simmons,2022-23,CHO,Low Minute,28,PG,25,-0.52,-0.44,-0.09,0.0,1826193
Kenrich Williams,2022-23,OKC,Stretch Big,1206,PF,28,-0.53,-0.14,-0.39,1.5,6364091
Frank Kaminsky,2022-23,ATL,Stretch Big,235,C,30,-0.54,-0.57,0.03,0.3,2617234
Saddiq Bey,2022-23,DET,Movement Shooter,2129,SF,24,-0.55,1.11,-1.66,2.5,9825507
Sandro Mamukelashvili,2022-23,MIL,Stretch Big,661,C,23,-0.55,0.2,-0.75,0.8,4234369
Gabe York,2022-23,IND,Low Minute,56,SG,29,-0.55,-0.12,-0.43,0.1,1931037
Leandro Bolmaro,2022-23,UTA,Low Minute,68,SG,22,-0.56,-0.44,-0.12,0.1,1978016
Micah Potter,2022-23,UTA,Low Minute,52,PF,25,-0.56,-0.38,-0.18,0.1,1917037
De'Anthony Melton,2022-23,PHI,Stationary Shooter,2150,PG,24,-0.57,-0.95,0.38,2.5,9807239
Malik Monk,2022-23,SAC,Secondary Ball Handler,1719,SG,25,-0.58,0.49,-1.06,2.0,8165098
James Johnson,2022-23,IND,Secondary Ball Handler,162,PF,36,-0.58,-1.09,0.51,0.2,2327478
Gary Trent Jr.,2022-23,TOR,Secondary Ball Handler,2118,SG,24,-0.58,-0.44,-0.14,2.5,9652707
Kessler Edwards,2022-23,BRK,Athletic Finisher,386,SF,22,-0.58,-0.6,0.02,0.5,3162150
Miles McBride,2022-23,NYK,Stationary Shooter,760,PG,22,-0.58,-0.66,0.08,0.9,4561665
Paolo Banchero,2022-23,ORL,Shot Creator,2430,PF,20,-0.58,-0.29,-0.29,2.8,10786106
Keon Ellis,2022-23,SAC,Low Minute,71,SG,23,-0.59,-0.49,-0.1,0.1,1983077
Svi Mykhailiuk,2022-23,NYK,Movement Shooter,468,SF,25,-0.59,0.08,-0.67,0.5,3460767
Chance Comanche,2022-23,,Low Minute,21,,26,-0.59,-0.3,-0.29,0.0,1796190
Neemias Queta,2022-23,SAC,Low Minute,29,C,23,-0.6,-0.45,-0.15,0.0,1825365
Isaiah Jackson,2022-23,IND,Roll + Cut Big,1042,C,21,-0.61,-1.44,0.82,1.2,5547154
Saben Lee,2022-23,PHI,Slasher,374,PG,23,-0.62,-0.65,0.03,0.4,3084698
Dereon Seabron,2022-23,NOP,Low Minute,12,SG,22,-0.63,-0.22,-0.41,0.0,1761203
Trevor Keels,2022-23,NYK,Low Minute,8,SG,19,-0.64,-0.39,-0.25,0.0,1748154
Caris LeVert,2022-23,CLE,Secondary Ball Handler,2237,SG,28,-0.64,-0.74,0.1,2.5,9836404
Naz Reid,2022-23,MIN,Stretch Big,1251,C,23,-0.64,-0.59,-0.05,1.4,6243577
Grant Williams,2022-23,BOS,Stationary Shooter,2045,PF,24,-0.65,-1.47,0.83,2.3,9091354
Nick Richards,2022-23,CHO,Roll + Cut Big,1218,C,25,-0.65,-0.9,0.25,1.4,6095340
Patrick Baldwin Jr.,2022-23,GSW,Movement Shooter,226,SF,20,-0.65,-0.52,-0.13,0.3,2530614
Lindell Wigginton,2022-23,MIL,Low Minute,87,PG,25,-0.66,-0.33,-0.33,0.1,2029582
Daniel Theis,2022-23,IND,Roll + Cut Big,109,C,31,-0.66,-0.51,-0.15,0.1,2109021
Bruce Brown,2022-23,DEN,Stationary Shooter,2280,SG,26,-0.66,-0.81,0.14,2.5,9853778
Jaylin Williams,2022-23,OKC,Stretch Big,914,PF,20,-0.67,-1.6,0.94,1.0,4980472
Ron Harper Jr.,2022-23,TOR,Low Minute,48,SF,22,-0.67,-0.35,-0.32,0.1,1888302
Joshua Primo,2022-23,SAS,Low Minute,93,SG,20,-0.67,-0.74,0.07,0.1,2050256
PJ Dozier,2022-23,SAC,Low Minute,79,SG,26,-0.68,-0.53,-0.14,0.1,1999723
Xavier Cooks,2022-23,WAS,Roll + Cut Big,126,PF,27,-0.69,-0.82,0.13,0.1,2161235
Kevin Porter Jr.,2022-23,HOU,Shot Creator,2024,PG,22,-0.69,0.02,-0.71,2.2,8832992
Andre Iguodala,2022-23,GSW,Stretch Big,113,SF,39,-0.69,-0.88,0.19,0.1,2114721
Edmond Sumner,2022-23,BRK,Secondary Ball Handler,736,SG,27,-0.69,-0.65,-0.05,0.8,4302871
Mac McClung,2022-23,PHI,Low Minute,41,SG,24,-0.69,-0.24,-0.46,0.0,1863100
Devonte' Graham,2022-23,SAS,Secondary Ball Handler,1338,PG,28,-0.7,-0.18,-0.51,1.5,6411066
Theo Maledon,2022-23,CHO,Secondary Ball Handler,854,PG,21,-0.7,-0.26,-0.44,0.9,4704289
Landry Shamet,2022-23,PHO,Movement Shooter,807,SG,26,-0.71,-0.51,-0.19,0.9,4528408
Jamaree Bouyea,2022-23,MIA,Low Minute,71,PG,23,-0.71,-0.67,-0.04,0.1,1964285
Jevon Carter,2022-23,MIL,Stationary Shooter,1812,PG,27,-0.71,-1.59,0.88,2.0,8000135
Dru Smith,2022-23,MIA,Secondary Ball Handler,158,SG,25,-0.72,-0.55,-0.16,0.2,2267072
Aleksej Pokusevski,2022-23,OKC,Stretch Big,701,PF,21,-0.72,-1.67,0.95,0.8,4142879
Olivier Sarr,2022-23,OKC,Roll + Cut Big,114,C,24,-0.73,-0.58,-0.14,0.1,2110542
Jarrett Culver,2022-23,ATL,Athletic Finisher,137,SG,24,-0.73,-0.78,0.04,0.1,2189222
Sam Merrill,2022-23,CLE,Low Minute,59,SG,26,-0.73,-0.25,-0.48,0.1,1919915
Sam Hauser,2022-23,BOS,Movement Shooter,1290,PF,25,-0.73,-0.46,-0.27,1.4,6144523
Marcus Morris Sr.,2022-23,,Stationary Shooter,1825,PF,33,-0.73,-1.25,0.51,2.0,7974120
Keegan Murray,2022-23,SAC,Movement Shooter,2382,SF,22,-0.74,-0.6,-0.14,2.5,9858794
JaVale McGee,2022-23,DAL,Roll + Cut Big,355,C,35,-0.74,-1.65,0.9,0.4,2926800
Markelle Fultz,2022-23,ORL,Slasher,1778,PG,24,-0.75,-0.9,0.16,1.9,7766271
P.J. Washington,2022-23,CHO,Stationary Shooter,2380,PF,24,-0.76,-1.02,0.27,2.5,9771356
Jeremiah Robinson-Earl,2022-23,OKC,Stretch Big,814,PF,22,-0.76,-0.63,-0.13,0.9,4467264
Kenneth Lofton Jr.,2022-23,MEM,Roll + Cut Big,176,PF,20,-0.76,0.22,-0.98,0.2,2311998
Deandre Ayton,2022-23,PHO,Post Scorer,2036,C,24,-0.76,-1.29,0.52,2.1,8570250
Isaiah Stewart,2022-23,DET,Stretch Big,1414,C,21,-0.77,-1.56,0.8,1.5,6469759
Garrison Mathews,2022-23,HOU,Movement Shooter,686,SG,26,-0.77,-1.05,0.28,0.7,4023782
Dylan Windler,2022-23,CLE,Low Minute,10,SF,26,-0.77,-0.22,-0.55,0.0,1753859
Jamal Cain,2022-23,MIA,Stretch Big,240,SF,24,-0.77,-1.12,0.35,0.3,2523961
Buddy Boeheim,2022-23,DET,Low Minute,90,PG,23,-0.78,-0.3,-0.47,0.1,2020395
Montrezl Harrell,2022-23,PHI,Post Scorer,681,C,29,-0.78,-0.61,-0.17,0.7,3988529
Marvin Bagley III,2022-23,DET,Post Scorer,990,C,24,-0.8,-0.81,0.01,1.0,4974243
Kendall Brown,2022-23,IND,Low Minute,40,SG,19,-0.82,-0.56,-0.26,0.0,1850424
Xavier Sneed,2022-23,CHO,Low Minute,48,SF,25,-0.82,-0.71,-0.11,0.0,1876239
Dennis Schroder,2022-23,LAL,Primary Ball Handler,1986,PG,29,-0.83,-0.26,-0.57,2.0,8130981
Isaiah Mobley,2022-23,CLE,Low Minute,84,PF,23,-0.84,-0.59,-0.25,0.1,1989809
Oshae Brissett,2022-23,IND,Athletic Finisher,1083,SF,24,-0.84,-0.29,-0.55,1.1,5189443
Udonis Haslem,2022-23,MIA,Low Minute,72,C,42,-0.84,-0.85,0.01,0.1,1950130
Isaiah Todd,2022-23,WAS,Low Minute,61,PF,21,-0.84,-0.63,-0.22,0.1,1915688
Tyrese Martin,2022-23,ATL,Low Minute,66,SG,24,-0.85,-0.39,-0.46,0.1,1927540
Ricky Rubio,2022-23,CLE,Secondary Ball Handler,566,PG,32,-0.86,-0.87,0.01,0.6,3516096
Duncan Robinson,2022-23,MIA,Movement Shooter,690,SF,28,-0.86,-0.12,-0.75,0.7,3901872
Royce O'Neale,2022-23,BRK,Stationary Shooter,2409,SF,29,-0.87,-1.3,0.44,2.4,9331201
Terance Mann,2022-23,LAC,Stationary Shooter,1872,SG,26,-0.88,-0.06,-0.81,1.8,7590039
Justin Champagnie,2022-23,BOS,Low Minute,34,SF,21,-0.88,-0.23,-0.65,0.0,1826247
Kira Lewis Jr.,2022-23,NOP,Secondary Ball Handler,235,PG,22,-0.88,-0.37,-0.51,0.2,2452727
Nickeil Alexander-Walker,2022-23,MIN,Secondary Ball Handler,884,SG,24,-0.89,-0.84,-0.05,0.9,4473312
Justin Minaya,2022-23,POR,Low Minute,89,SF,24,-0.89,-0.74,-0.15,0.1,1994771
Quenton Jackson,2022-23,WAS,Slasher,135,PG,24,-0.89,-0.66,-0.23,0.1,2136374
Anthony Gill,2022-23,WAS,Athletic Finisher,625,PF,30,-0.9,-0.75,-0.15,0.6,3649642
Aaron Holiday,2022-23,ATL,Secondary Ball Handler,845,PG,26,-0.91,-1.32,0.42,0.8,4317518
Ish Wainright,2022-23,PHO,Stationary Shooter,915,SF,28,-0.91,-1.01,0.1,0.9,4524573
Michael Foster Jr.,2022-23,PHI,Low Minute,1,PF,20,-0.94,-0.3,-0.64,0.0,1722108
Jacob Gilyard,2022-23,MEM,Low Minute,41,PG,24,-0.94,-0.49,-0.46,0.0,1841496
Gorgui Dieng,2022-23,SAS,Stretch Big,358,C,33,-0.94,-1.24,0.3,0.3,2794068
Naji Marshall,2022-23,NOP,Stationary Shooter,1792,SF,25,-0.96,-0.34,-0.62,1.7,7048601
RaiQuan Gray,2022-23,BRK,Low Minute,35,PF,23,-0.97,-0.28,-0.68,0.0,1822760
Jaden Springer,2022-23,PHI,Low Minute,89,SG,20,-0.97,-0.51,-0.46,0.1,1982559
Nikola Jovic,2022-23,MIA,Stretch Big,204,PF,19,-0.97,-0.84,-0.13,0.2,2321670
Jack White,2022-23,DEN,Low Minute,66,SF,25,-0.97,-0.61,-0.36,0.1,1913368
Alondes Williams,2022-23,BRK,Low Minute,5,SG,23,-0.98,-0.25,-0.73,0.0,1734422
Bones Hyland,2022-23,DEN,Secondary Ball Handler,1086,PG,22,-0.99,0.86,-1.85,1.0,4870433
Udoka Azubuike,2022-23,UTA,Roll + Cut Big,359,C,23,-0.99,-2.21,1.21,0.3,2758579
Anfernee Simons,2022-23,POR,Primary Ball Handler,2171,SG,23,-1.01,0.4,-1.4,2.0,7962339
Bol Bol,2022-23,ORL,Athletic Finisher,1505,PF,23,-1.01,-2.17,1.16,1.4,6033264
Louis King,2022-23,PHI,Low Minute,29,SF,24,-1.02,-0.32,-0.7,0.0,1801241
Caleb Martin,2022-23,MIA,Movement Shooter,2078,PF,27,-1.02,-1.56,0.54,1.9,7646503
A.J. Lawson,2022-23,DAL,Athletic Finisher,108,SG,22,-1.03,-0.24,-0.79,0.1,2025244
Nerlens Noel,2022-23,BRK,Roll + Cut Big,195,C,29,-1.03,-1.76,0.73,0.2,2267996
Ty Jerome,2022-23,GSW,Secondary Ball Handler,816,SG,25,-1.03,-0.4,-0.63,0.7,4018189
Zach Collins,2022-23,SAS,Post Scorer,1441,C,25,-1.03,-1.12,0.08,1.3,5776463
Ryan Arcidiacono,2022-23,POR,Secondary Ball Handler,172,PG,29,-1.04,-1.36,0.32,0.2,2201654
Jalen Green,2022-23,HOU,Primary Ball Handler,2602,SG,21,-1.05,0.76,-1.8,2.3,8980644
Keita Bates-Diop,2022-23,SAS,Stretch Big,1452,SF,27,-1.05,-0.81,-0.24,1.3,5769091
Keldon Johnson,2022-23,SAS,Secondary Ball Handler,2063,SF,23,-1.05,0.46,-1.51,1.8,7467126
Dario Saric,2022-23,PHO,Stretch Big,806,PF,29,-1.05,-0.84,-0.21,0.7,3963840
Jeremy Sochan,2022-23,SAS,Athletic Finisher,1458,PF,19,-1.05,-1.15,0.1,1.3,5776890
Rudy Gay,2022-23,UTA,Stationary Shooter,816,PF,36,-1.05,-1.41,0.36,0.7,3985659
Jeenathan Williams,2022-23,POR,Athletic Finisher,127,SG,24,-1.06,-0.49,-0.56,0.1,2069795
Precious Achiuwa,2022-23,TOR,Athletic Finisher,1140,C,23,-1.06,-0.65,-0.41,1.0,4875483
Mfiondu Kabengele,2022-23,BOS,Low Minute,36,PF,25,-1.07,-0.51,-0.56,0.0,1818988
Day'Ron Sharpe,2022-23,BRK,Roll + Cut Big,553,C,21,-1.08,-0.71,-0.37,0.5,3219577
George Hill,2022-23,MIL,Secondary Ball Handler,833,PG,36,-1.09,-1.16,0.07,0.7,3965632
Trey Murphy III,2022-23,NOP,Stationary Shooter,2448,SF,22,-1.1,-0.85,-0.25,2.1,8280467
Ochai Agbaji,2022-23,UTA,Movement Shooter,1209,SG,22,-1.11,0.37,-1.48,1.0,4944202
Ryan Rollins,2022-23,GSW,Low Minute,62,PG,20,-1.11,-0.81,-0.3,0.1,1884442
Joe Wieskamp,2022-23,TOR,Low Minute,50,SF,23,-1.12,-0.89,-0.23,0.0,1849798
Jordan Clarkson,2022-23,UTA,Secondary Ball Handler,1988,SG,30,-1.13,1.08,-2.21,1.6,6951259
Darius Bazley,2022-23,OKC,Athletic Finisher,616,PF,22,-1.13,-2.0,0.87,0.5,3336285
JD Davison,2022-23,BOS,Low Minute,66,PG,20,-1.13,-0.54,-0.59,0.1,1890841
Joe Ingles,2022-23,MIL,Secondary Ball Handler,1044,SF,35,-1.15,-0.75,-0.39,0.8,4424584
Terry Taylor,2022-23,CHI,Athletic Finisher,263,PF,23,-1.16,-0.73,-0.43,0.2,2393880
Josh Giddey,2022-23,OKC,Slasher,2367,SG,20,-1.17,-0.55,-0.62,1.9,7751901
Eric Gordon,2022-23,HOU,Secondary Ball Handler,1965,SG,34,-1.17,-0.57,-0.6,1.6,6715960
Kenyon Martin Jr.,2022-23,HOU,Stretch Big,2292,SF,22,-1.17,0.36,-1.53,1.8,7538966
Patrick Beverley,2022-23,LAL,Stationary Shooter,1817,PG,34,-1.17,-2.19,1.02,1.4,6326366
Moussa Diabate,2022-23,LAC,Roll + Cut Big,195,PF,21,-1.19,-1.11,-0.08,0.2,2209777
AJ Griffin,2022-23,ATL,Off Screen Shooter,1401,SF,19,-1.2,-0.23,-0.97,1.1,5183863
Jared Butler,2022-23,OKC,Low Minute,77,SG,22,-1.21,-0.49,-0.72,0.1,1907050
Luke Kornet,2022-23,BOS,Roll + Cut Big,804,C,27,-1.22,-1.3,0.08,0.6,3687001
Eugene Omoruyi,2022-23,OKC,Stretch Big,645,SF,26,-1.22,-0.34,-0.88,0.5,3294555
Kennedy Chandler,2022-23,MEM,Secondary Ball Handler,281,PG,20,-1.22,-0.93,-0.3,0.2,2404988
Meyers Leonard,2022-23,MIL,Stretch Big,114,C,31,-1.23,-0.87,-0.36,0.1,1994353
Jalen Duren,2022-23,DET,Roll + Cut Big,1670,C,19,-1.23,-0.91,-0.32,1.3,5750774
Anthony Lamb,2022-23,GSW,Athletic Finisher,1195,SF,25,-1.24,-1.22,-0.03,0.9,4584431
Ousmane Dieng,2022-23,OKC,Stationary Shooter,569,SF,19,-1.25,-1.02,-0.22,0.4,3075303
Devin Vassell,2022-23,SAS,Secondary Ball Handler,1178,SG,22,-1.26,-0.46,-0.79,0.9,4500518
Aaron Wiggins,2022-23,OKC,Stretch Big,1297,SG,24,-1.26,-1.08,-0.18,1.0,4775857
Vit Krejci,2022-23,ATL,Athletic Finisher,165,PG,22,-1.27,-1.0,-0.27,0.1,2106342
Raul Neto,2022-23,CLE,Secondary Ball Handler,505,PG,30,-1.27,-0.95,-0.32,0.4,2900193
Rodney McGruder,2022-23,DET,Movement Shooter,524,SG,31,-1.28,-0.79,-0.49,0.4,2936611
Taj Gibson,2022-23,WAS,Roll + Cut Big,480,C,37,-1.28,-1.79,0.51,0.3,2833572
Wendell Moore Jr.,2022-23,MIN,Movement Shooter,153,SG,21,-1.28,-0.65,-0.63,0.1,2072064
Jaxson Hayes,2022-23,NOP,Roll + Cut Big,610,C,22,-1.29,-1.81,0.51,0.4,3117496
Serge Ibaka,2022-23,MIL,Stretch Big,185,C,33,-1.29,-1.59,0.3,0.1,2143672
Luke Kennard,2022-23,MEM,Off Screen Shooter,1315,SG,26,-1.3,-0.47,-0.83,0.9,4722258
Evan Fournier,2022-23,NYK,Movement Shooter,459,SG,30,-1.31,-0.82,-0.49,0.3,2754815
Isaac Okoro,2022-23,CLE,Stationary Shooter,1652,SF,22,-1.31,-1.97,0.66,1.2,5438801
Peyton Watson,2022-23,DEN,Athletic Finisher,186,SG,20,-1.32,-1.04,-0.27,0.1,2137047
Brandon Boston Jr.,2022-23,LAC,Secondary Ball Handler,248,SG,21,-1.32,-0.49,-0.83,0.2,2274928
RJ Barrett,2022-23,NYK,Secondary Ball Handler,2475,SG,22,-1.32,0.01,-1.33,1.7,7255856
Jae'Sean Tate,2022-23,HOU,Athletic Finisher,678,SF,27,-1.33,-1.41,0.07,0.5,3218378
Gabe Vincent,2022-23,MIA,Stationary Shooter,1759,PG,26,-1.34,-1.09,-0.24,1.2,5588560
Julian Champagnie,2022-23,PHI,Movement Shooter,320,SF,21,-1.35,-0.21,-1.15,0.2,2414082
Danny Green,2022-23,MEM,Off Screen Shooter,139,SG,35,-1.35,-0.74,-0.62,0.1,2019688
Dean Wade,2022-23,CLE,Stationary Shooter,891,PF,26,-1.36,-2.82,1.46,0.6,3644314
T.J. Warren,2022-23,BRK,Athletic Finisher,687,SF,29,-1.37,-0.52,-0.86,0.5,3180376
John Wall,2022-23,LAC,Shot Creator,755,PG,32,-1.38,-0.64,-0.74,0.5,3323269
Matthew Dellavedova,2022-23,SAC,Secondary Ball Handler,213,PG,32,-1.38,-1.31,-0.07,0.1,2171022
Torrey Craig,2022-23,PHO,Athletic Finisher,1948,SF,32,-1.38,-1.78,0.4,1.3,5848993
Kelly Oubre Jr.,2022-23,CHO,Stationary Shooter,1548,SF,27,-1.38,-0.45,-0.93,1.0,4982233
Stanley Johnson,2022-23,SAS,Stationary Shooter,469,SF,26,-1.41,-1.03,-0.38,0.3,2685775
Chris Duarte,2022-23,IND,Secondary Ball Handler,897,SF,25,-1.41,-0.52,-0.89,0.6,3564034
Vince Williams Jr.,2022-23,MEM,Movement Shooter,105,SG,22,-1.42,-0.86,-0.57,0.1,1931339
Shake Milton,2022-23,PHI,Slasher,1567,SG,26,-1.45,-0.1,-1.35,1.0,4814336
Damion Lee,2022-23,PHO,Movement Shooter,1506,SG,30,-1.46,-1.53,0.08,0.9,4675668
Jarred Vanderbilt,2022-23,UTA,Roll + Cut Big,1880,PF,24,-1.47,-1.31,-0.16,1.1,5371403
Pat Connaughton,2022-23,MIL,Stationary Shooter,1443,SG,30,-1.47,-0.74,-0.73,0.9,4510919
Theo Pinson,2022-23,DAL,Stationary Shooter,323,SG,27,-1.48,-0.26,-1.22,0.2,2338059
Jordan Poole,2022-23,GSW,Primary Ball Handler,2458,PG,23,-1.48,-0.38,-1.1,1.5,6420561
Norman Powell,2022-23,LAC,Secondary Ball Handler,1567,SG,29,-1.49,-0.3,-1.19,0.9,4695542
Nathan Knight,2022-23,MIN,Athletic Finisher,291,PF,25,-1.49,-0.98,-0.5,0.2,2270641
Cody Martin,2022-23,CHO,Secondary Ball Handler,134,SF,27,-1.49,-0.97,-0.52,0.1,1971203
Trendon Watford,2022-23,POR,Athletic Finisher,1182,PF,22,-1.5,-0.86,-0.64,0.7,3945196
Matt Ryan,2022-23,MIN,Off Screen Shooter,310,SF,25,-1.52,-0.25,-1.27,0.2,2289518
Gordon Hayward,2022-23,CHO,Secondary Ball Handler,1577,SF,33,-1.52,-1.25,-0.27,0.9,4610564
Johnny Juzang,2022-23,UTA,Movement Shooter,232,SF,22,-1.53,-0.9,-0.63,0.1,2141723
JaMychal Green,2022-23,GSW,Stretch Big,797,PF,32,-1.53,-1.49,-0.03,0.5,3168204
Jeff Dowtin Jr.,2022-23,,Shot Creator,259,PG,25,-1.53,-1.05,-0.49,0.1,2187536
Garrett Temple,2022-23,NOP,Movement Shooter,162,SG,36,-1.55,-1.3,-0.25,0.1,2005830
Josh Green,2022-23,DAL,Stationary Shooter,1539,SG,22,-1.55,-1.07,-0.48,0.9,4441487
Isaiah Roby,2022-23,SAS,Stationary Shooter,474,PF,25,-1.56,-1.75,0.19,0.3,2549278
Davis Bertans,2022-23,DAL,Movement Shooter,492,PF,30,-1.57,-0.28,-1.28,0.3,2573527
Justise Winslow,2022-23,POR,Athletic Finisher,776,SF,27,-1.58,-2.25,0.67,0.4,3055127
KZ Okpala,2022-23,SAC,Stationary Shooter,248,PF,23,-1.58,-2.55,0.97,0.1,2144695
Usman Garuba,2022-23,HOU,Stretch Big,970,PF,21,-1.58,-2.16,0.58,0.5,3372727
Markieff Morris,2022-23,BRK,Stationary Shooter,355,PF,33,-1.62,-1.22,-0.39,0.2,2301231
Gary Harris,2022-23,ORL,Movement Shooter,1184,SG,28,-1.63,-1.26,-0.37,0.6,3635083
Kai Jones,2022-23,CHO,Athletic Finisher,550,C,22,-1.63,-3.14,1.51,0.3,2607804
Malachi Flynn,2022-23,TOR,Secondary Ball Handler,691,PG,24,-1.63,-0.54,-1.1,0.3,2828776
Moses Moody,2022-23,GSW,Stationary Shooter,817,SG,20,-1.64,-1.01,-0.63,0.4,3021339
Justin Jackson,2022-23,BOS,Off Screen Shooter,107,SF,28,-1.64,-1.13,-0.51,0.1,1889146
Yuta Watanabe,2022-23,BRK,Stationary Shooter,928,SF,28,-1.65,-1.0,-0.65,0.5,3178717
Admiral Schofield,2022-23,ORL,Athletic Finisher,451,PF,26,-1.65,-1.44,-0.22,0.2,2426943
Haywood Highsmith,2022-23,MIA,Stretch Big,969,SF,26,-1.69,-2.5,0.81,0.5,3168010
Joe Harris,2022-23,BRK,Movement Shooter,1527,SG,31,-1.7,-0.38,-1.33,0.7,3951040
Josh Richardson,2022-23,NOP,Movement Shooter,1530,SG,29,-1.71,-1.42,-0.3,0.7,3927614
De'Andre Hunter,2022-23,ATL,Stationary Shooter,2126,SF,25,-1.71,-1.24,-0.47,1.0,4786833
Max Strus,2022-23,MIA,Movement Shooter,2272,SF,27,-1.72,-0.98,-0.73,1.0,4985979
Tre Mann,2022-23,OKC,Secondary Ball Handler,1183,PG,22,-1.74,-1.15,-0.59,0.5,3368727
Mamadi Diakite,2022-23,CLE,Stretch Big,176,PF,26,-1.74,-1.7,-0.05,0.1,1962361
Rui Hachimura,2022-23,WAS,Athletic Finisher,1466,PF,25,-1.74,-1.74,0.0,0.6,3743307
John Butler Jr.,2022-23,,Movement Shooter,221,C,20,-1.75,-1.79,0.04,0.1,2023010
Otto Porter Jr.,2022-23,TOR,Stretch Big,146,SF,29,-1.76,-1.22,-0.54,0.1,1915215
Khem Birch,2022-23,TOR,Roll + Cut Big,162,C,30,-1.77,-2.08,0.32,0.1,1935041
Collin Sexton,2022-23,UTA,Slasher,1145,SG,24,-1.77,0.12,-1.89,0.5,3242973
Jonathan Kuminga,2022-23,GSW,Athletic Finisher,1394,PF,20,-1.78,-1.72,-0.05,0.6,3554165
Davion Mitchell,2022-23,SAC,Stationary Shooter,1447,PG,24,-1.78,-1.37,-0.41,0.6,3614060
Dominick Barlow,2022-23,SAS,Roll + Cut Big,408,SF,19,-1.78,-2.13,0.34,0.2,2249322
Wesley Matthews,2022-23,MIL,Movement Shooter,821,SG,36,-1.8,-1.81,0.01,0.3,2756831
Jared Rhoden,2022-23,DET,Athletic Finisher,198,SG,23,-1.82,-1.49,-0.33,0.1,1962585
Dyson Daniels,2022-23,NOP,Stationary Shooter,1042,PG,20,-1.82,-2.76,0.94,0.4,2998250
Troy Brown Jr.,2022-23,LAL,Stationary Shooter,1860,SF,23,-1.86,-1.28,-0.59,0.7,3848704
Reggie Jackson,2022-23,DEN,Secondary Ball Handler,1657,PG,32,-1.87,-1.41,-0.46,0.6,3578773
Aaron Nesmith,2022-23,IND,Stationary Shooter,1816,SF,23,-1.89,-1.45,-0.43,0.6,3707012
Taurean Prince,2022-23,MIN,Movement Shooter,1192,SF,29,-1.9,-1.58,-0.32,0.4,2989631
DeAndre Jordan,2022-23,DEN,Roll + Cut Big,586,C,34,-1.9,-2.63,0.73,0.2,2340836
Cory Joseph,2022-23,DET,Primary Ball Handler,1227,PG,31,-1.9,-0.49,-1.41,0.4,3020489
Duane Washington Jr.,2022-23,PHO,Secondary Ball Handler,394,SG,23,-1.92,-0.24,-1.68,0.1,2120013
Chuma Okeke,2022-23,ORL,Movement Shooter,518,SF,24,-1.95,-1.46,-0.5,0.2,2217645
Romeo Langford,2022-23,SAS,Athletic Finisher,844,SG,23,-1.96,-1.51,-0.45,0.3,2519837
Thaddeus Young,2022-23,TOR,Roll + Cut Big,795,PF,34,-1.97,-1.5,-0.47,0.2,2460705
Jaden Hardy,2022-23,DAL,Secondary Ball Handler,708,SG,20,-2.0,-0.13,-1.86,0.2,2337289
Malik Beasley,2022-23,UTA,Off Screen Shooter,2093,SG,26,-2.0,-0.32,-1.68,0.6,3541101
Kevon Harris,2022-23,ORL,Athletic Finisher,457,SG,25,-2.04,-2.05,0.01,0.1,2076612
Cam Thomas,2022-23,BRK,Shot Creator,948,SG,21,-2.05,-0.34,-1.71,0.2,2442831
Noah Vonleh,2022-23,BOS,Athletic Finisher,172,C,27,-2.1,-2.26,0.16,0.0,1834123
Jericho Sims,2022-23,NYK,Roll + Cut Big,812,C,24,-2.14,-2.83,0.69,0.1,2194985
Terrence Ross,2022-23,ORL,Movement Shooter,1330,SG,32,-2.16,-0.19,-1.98,0.2,2437694
Johnny Davis,2022-23,WAS,Stationary Shooter,423,SG,21,-2.18,-1.66,-0.53,0.1,1929202
Kendrick Nunn,2022-23,LAL,Secondary Ball Handler,963,PG,27,-2.21,-0.89,-1.32,0.1,2155946
Derrick Rose,2022-23,NYK,Secondary Ball Handler,338,PG,34,-2.22,-1.1,-1.12,0.0,1860167
Frank Ntilikina,2022-23,DAL,Stationary Shooter,607,PG,24,-2.24,-1.87,-0.37,0.1,1950629
Ayo Dosunmu,2022-23,CHI,Stationary Shooter,2098,SG,23,-2.25,-2.53,0.29,0.2,2500359
AJ Green,2022-23,,Movement Shooter,345,SG,23,-2.26,-0.66,-1.6,0.0,1840468
Juan Toscano-Anderson,2022-23,LAL,Athletic Finisher,700,SF,30,-2.26,-2.44,0.18,0.1,1962236
Bryn Forbes,2022-23,MIN,Off Screen Shooter,268,SG,29,-2.27,-0.9,-1.37,0.0,1806837
McKinley Wright IV,2022-23,DAL,Slasher,335,PG,24,-2.27,-1.05,-1.23,0.0,1825511
Keon Johnson,2022-23,POR,Secondary Ball Handler,416,SG,21,-2.28,-1.04,-1.24,0.0,1848438
Shaedon Sharpe,2022-23,POR,Movement Shooter,1779,SG,19,-2.3,-0.81,-1.49,0.1,2186564
Lamar Stevens,2022-23,CLE,Athletic Finisher,1120,PF,25,-2.31,-1.88,-0.43,0.1,1998717
Payton Pritchard,2022-23,BOS,Movement Shooter,643,PG,25,-2.31,-0.97,-1.34,0.0,1877971
Thanasis Antetokounmpo,2022-23,MIL,Athletic Finisher,206,SF,30,-2.31,-1.98,-0.33,0.0,1767885
Maxi Kleber,2022-23,DAL,Stationary Shooter,930,C,31,-2.33,-2.4,0.07,0.1,1910548
Damian Jones,2022-23,UTA,Roll + Cut Big,477,C,27,-2.34,-2.51,0.17,0.0,1804570
Nassir Little,2022-23,POR,Stationary Shooter,976,SF,23,-2.35,-1.37,-0.98,0.1,1883353
Kevin Knox II,2022-23,,Stationary Shooter,952,SF,23,-2.37,-2.0,-0.37,0.0,1840143
P.J. Tucker,2022-23,PHI,Stretch Big,1920,PF,37,-2.4,-2.9,0.5,0.0,1851576
James Wiseman,2022-23,GSW,Post Scorer,867,C,22,-2.41,-2.01,-0.4,0.0,1758960
Seth Curry,2022-23,BRK,Secondary Ball Handler,1211,SG,32,-2.43,-1.18,-1.24,0.0,1730314
Isaiah Livers,2022-23,DET,Stationary Shooter,1199,PF,24,-2.44,-2.11,-0.32,0.0,1713499
Daishen Nix,2022-23,HOU,Secondary Ball Handler,914,PG,21,-2.45,-1.5,-0.95,0.0,1682489
Ish Smith,2022-23,DEN,Slasher,398,PG,34,-2.48,-2.24,-0.24,0.0,1685350
Andrew Nembhard,2022-23,IND,Primary Ball Handler,2074,SG,23,-2.49,-1.58,-0.91,-0.1,1465404
Juancho Hernangomez,2022-23,TOR,Stretch Big,614,PF,27,-2.5,-1.95,-0.55,0.0,1639501
Patty Mills,2022-23,BRK,Movement Shooter,567,PG,34,-2.5,-0.38,-2.12,0.0,1643042
Jabari Smith Jr.,2022-23,HOU,Stationary Shooter,2451,PF,19,-2.52,-1.82,-0.7,-0.1,1287197
Caleb Houstan,2022-23,ORL,Stationary Shooter,812,SF,20,-2.52,-1.49,-1.04,0.0,1573240
David Duke Jr.,2022-23,BRK,Slasher,228,SG,23,-2.54,-1.82,-0.72,0.0,1671647
Max Christie,2022-23,LAL,Stationary Shooter,512,SG,20,-2.54,-2.62,0.07,0.0,1605924
Danuel House Jr.,2022-23,PHI,Stationary Shooter,807,SF,29,-2.55,-1.41,-1.14,-0.1,1535568
R.J. Hampton,2022-23,DET,Stationary Shooter,750,PG,22,-2.55,-1.25,-1.3,-0.1,1543831
Jabari Walker,2022-23,POR,Athletic Finisher,619,SF,20,-2.57,-1.88,-0.7,-0.1,1546934
Georges Niang,2022-23,PHI,Movement Shooter,1512,PF,29,-2.59,-1.25,-1.34,-0.1,1255191
Corey Kispert,2022-23,WAS,Movement Shooter,2093,SF,24,-2.6,-0.86,-1.74,-0.2,1017771
Will Barton,2022-23,WAS,Secondary Ball Handler,993,SG,32,-2.61,-1.79,-0.82,-0.1,1372838
Christian Braun,2022-23,DEN,Stationary Shooter,1181,SG,21,-2.61,-2.14,-0.47,-0.1,1301840
Zeke Nnaji,2022-23,DEN,Stretch Big,728,PF,22,-2.63,-2.13,-0.5,-0.1,1441172
Bennedict Mathurin,2022-23,IND,Secondary Ball Handler,2222,SF,20,-2.64,-0.76,-1.87,-0.3,826657
Cam Reddish,2022-23,POR,Movement Shooter,990,SF,23,-2.73,-1.65,-1.09,-0.2,1128706
Davon Reed,2022-23,DEN,Stationary Shooter,343,SG,27,-2.75,-2.68,-0.07,-0.1,1505301
Furkan Korkmaz,2022-23,PHI,Secondary Ball Handler,353,SG,25,-2.76,-1.98,-0.78,-0.1,1489004
MarJon Beauchamp,2022-23,MIL,Stationary Shooter,700,SF,22,-2.79,-1.65,-1.14,-0.2,1229510
Vlatko Cancar,2022-23,DEN,Stretch Big,889,PF,26,-2.79,-1.98,-0.81,-0.2,1091139
Trent Forrest,2022-23,ATL,Slasher,277,PG,24,-2.82,-2.49,-0.33,-0.1,1507340
James Bouknight,2022-23,CHO,Secondary Ball Handler,515,SG,22,-2.82,-1.98,-0.84,-0.1,1323102
David Roddy,2022-23,MEM,Stationary Shooter,1258,PF,22,-2.85,-1.28,-1.57,-0.3,669454
Richaun Holmes,2022-23,SAC,Roll + Cut Big,348,C,29,-2.88,-3.06,0.18,-0.1,1411936
Josh Christopher,2022-23,HOU,Slasher,786,SG,21,-2.89,-1.39,-1.5,-0.2,1006274
Amir Coffey,2022-23,LAC,Slasher,625,SG,25,-2.97,-1.72,-1.24,-0.2,1059220
Patrick Williams,2022-23,CHI,Stationary Shooter,2323,PF,21,-3.0,-3.04,0.04,-0.8,-867902
Reggie Bullock,2022-23,DAL,Stationary Shooter,2364,SF,32,-3.01,-1.51,-1.5,-0.8,-975548
Bryce McGowens,2022-23,CHO,Movement Shooter,787,SG,20,-3.05,-2.43,-0.63,-0.3,756192
Jeff Green,2022-23,DEN,Stretch Big,1091,PF,36,-3.14,-1.82,-1.32,-0.5,203293
Ziaire Williams,2022-23,MEM,Stationary Shooter,561,SF,21,-3.15,-1.75,-1.4,-0.2,922035
Goran Dragic,2022-23,CHI,Secondary Ball Handler,870,PG,36,-3.18,-0.76,-2.42,-0.4,433073
Jordan Nwora,2022-23,MIL,Stationary Shooter,1188,SF,24,-3.23,-1.26,-1.97,-0.6,-149464
Lonnie Walker IV,2022-23,LAL,Secondary Ball Handler,1297,SG,24,-3.26,-1.71,-1.55,-0.7,-400147
Killian Hayes,2022-23,DET,Primary Ball Handler,2154,PG,21,-3.27,-1.96,-1.31,-1.1,-1845082
Austin Rivers,2022-23,MIN,Stationary Shooter,1016,SG,30,-3.27,-2.09,-1.18,-0.5,32909
Doug McDermott,2022-23,SAS,Movement Shooter,1314,SF,31,-3.37,-0.63,-2.74,-0.8,-709976
Malaki Branham,2022-23,SAS,Secondary Ball Handler,1550,SF,19,-3.44,-1.32,-2.12,-1.0,-1369879
Jake LaRavia,2022-23,MEM,Movement Shooter,414,PF,21,-3.69,-2.33,-1.36,-0.3,695647
Simone Fontecchio,2022-23,UTA,Off Screen Shooter,766,SF,27,-3.71,-1.39,-2.32,-0.6,-207529
Jaden Ivey,2022-23,DET,Primary Ball Handler,2304,SG,21,-3.72,-1.69,-2.03,-1.8,-4104127
JT Thor,2022-23,CHO,Athletic Finisher,969,PF,20,-3.72,-3.4,-0.32,-0.8,-733117
Justin Holiday,2022-23,ATL,Movement Shooter,706,SG,34,-3.72,-2.65,-1.07,-0.6,-68899
Robin Lopez,2022-23,CLE,Post Scorer,299,C,35,-4.17,-3.14,-1.03,-0.3,705374
Blake Wesley,2022-23,SAS,Slasher,669,SG,20,-5.08,-4.09,-0.99,-1.1,1719000
